{
  "crop_presets": [
    {
      "name": "test2",
      "w": 0.9083728278041073,
      "h": 2.94017094017094
    }
  ]
}